"","volgarch_verdadeira","volgarch_garch","volgarch_sv","volgarch_gas","volsv_verdadeira","volsv_garch","volsv_sv","volsv_gas","volgas_verdadeira","volgas_garch","volgas_sv","volgas_gas"
"1",0.0172255739618264,0.0242066508051369,0.0248129557125231,0.000602651647327929,-0.00190960547108334,0.0209960303381791,0.020682996847276,0.000405576262586066,-0.0132482908039922,0.0380396564834663,0.0381886140939689,0.00144343783892177
"2",-0.0075514796908889,0.0830179419975903,0.0739615099718091,0.00983303792387779,0.00560356860586538,0.0225754213660926,0.0221985657451899,0.000488360857384269,0.00152559293891899,0.0443962512343068,0.0423973573312717,0.00233566520831339
"3",-0.00678303109155181,0.0201056924376869,0.020495153158884,0.000396943166847613,0.0262998217470897,0.0178835833802877,0.017113135417987,0.000358522494012983,-0.010232514475298,0.0548947552972138,0.0540396984324306,0.00308296234111666
