"","volgarch_verdadeira","volgarch_garch","volgarch_sv","volgarch_gas","volsv_verdadeira","volsv_garch","volsv_sv","volsv_gas","volgas_verdadeira","volgas_garch","volgas_sv","volgas_gas"
"1",0.0598207516511757,0.409433156300599,0.387635987297467,0.137620609369398,0.105533676560409,1.87051573622381,1.97263966992436,3.85591943311805,-0.0151021298528515,1.08712875810857,1.08983403701906,1.19102515974469
"2",-0.0268463189235558,0.400588540538584,0.400802028858715,0.156508288820984,-0.160557027963605,0.408664188545733,0.150579062471351,0.102127368441418,-1.26939794246488,1.06046983198544,1.10036885300982,1.07816103703653
"3",0.244475553855987,0.465185325859924,0.408173072297605,0.211740211419999,1.5367294188529,1.64005850743188,1.55333663329091,19.2343316402457,0.365858085071553,0.971095841459288,1.05298986730529,1.00122681627775
"4",-0.292635011163371,0.374457948249963,0.385833219286296,0.14663908530837,-1.00085543355885,0.750247287777204,0.790976003874626,0.685349426720743,-0.784096322288605,1.08262021649896,1.05958627559307,1.07346480042651
"5",0.691505592245239,0.427650533737889,0.41256126470299,0.179025167852954,0.076246932127549,0.383571923222721,0.312317692812985,0.186979222320561,0.254498573739333,1.09736263940507,1.13217903994872,1.32829081260258
