"","volgarch_verdadeira","volgarch_garch","volgarch_sv","volgarch_gas","volsv_verdadeira","volsv_garch","volsv_sv","volsv_gas","volgas_verdadeira","volgas_garch","volgas_sv","volgas_gas"
"1",0.0258603905327798,0.0328621181219749,0.0323942696453819,0.0015654234743203,0.0168316000796062,0.0244052867063222,0.0239152729364717,0.000695789540691892,-0.0349261322259404,0.0448788504065637,0.045358234028662,0.00232526870750746
"2",0.04146487490616,0.0322166406628126,0.0323037822980036,0.00107918633756518,-0.00142591726833024,0.0178734730732556,0.0186849648297808,0.00034727364371269,0.0222252913345807,0.0274535901785368,0.027655079122377,0.000687492873030334
"3",0.00697865153269758,0.0228507994900225,0.0235343044525033,0.000533103484783073,-0.0232357375494474,0.0208683961760561,0.0207797193737784,0.000468428369202855,0.0161161575519723,0.0295107955475171,0.0298809161559353,0.000994234131842872
