"","volgarch_verdadeira","volgarch_garch","volgarch_sv","volgarch_gas","volsv_verdadeira","volsv_garch","volsv_sv","volsv_gas","volgas_verdadeira","volgas_garch","volgas_sv","volgas_gas"
"1",-0.241639236669943,0.481745488272212,0.429157907665096,0.230775878283097,-0.622579054491428,0.501578673790161,0.494815307807623,0.384224472321794,-3.15415446035232,1.06902675216038,1.06951174564651,1.50537244858289
"2",-0.0103701555764636,0.383575699051339,0.37018119516746,0.127584581483041,-0.582285238481692,0.930765039352265,0.943703053648496,0.863081217300701,-0.297418614636035,1.17210498025287,1.07723565684812,1.23117773203925
"3",-0.821407414166017,0.38681430308874,0.431855918850555,0.226059794936107,0.425520573736014,1.55768670681301,1.41998007151973,2.32893303508566,-1.28768914901961,1.36233023556373,1.1942325652475,1.74494235088129
"4",-0.127704380715457,0.366617262265323,0.384300641431244,0.154441801641883,-1.93874886559072,2.31775417186255,2.35129386340468,4.7399655789926,-1.38037282756398,1.01038251532982,1.05539407298157,1.03986046917814
"5",0.420614192907703,0.380075989020533,0.377198119793856,0.146359606987351,0.219660111576685,0.485791413637335,0.497761302084467,0.274779832082428,-0.438181484419575,0.942012806125935,1.04732839722773,0.900159388857604
