"","volgarch_verdadeira","volgarch_garch","volgarch_sv","volgarch_gas","volsv_verdadeira","volsv_garch","volsv_sv","volsv_gas","volgas_verdadeira","volgas_garch","volgas_sv","volgas_gas"
"1",0.167442637770049,0.42118524868032,0.412850451593087,0.163488474873071,0.364337694706036,0.349992911679694,0.255201325082316,0.218078599826374,-1.38394882382721,1.0364300645663,1.07946749510899,1.13366278363104
"2",0.024722439618428,0.379748882326209,0.405954467214437,0.148867449047078,-5.08883223339346,1.852397837733,1.89392601153913,3.43391594827727,2.12664700909593,1.07668105133696,0.990986300652824,1.12251632829198
"3",-0.0917302432537261,0.368978074591627,0.378118339200412,0.143445004813026,-3.34083678764471,2.46289831158303,2.19067358101732,5.72928972340647,2.50534205398933,1.0478830373812,1.0979979054971,1.2325585989466
"4",-0.0442266135335477,0.345986132169944,0.382773147145638,0.136769714204898,-0.924367297039447,1.82889306877624,1.82666216609918,2.73474934201056,-1.01688146618687,1.07685104946416,1.10875588009134,1.23254592621405
"5",-0.163774433991429,0.421179494357366,0.408053555111433,0.213006153999291,-0.0369774589585648,0.484349122916893,0.401747170184803,0.227462952232856,-0.269291044699391,0.985389265336414,0.958657306598638,0.874851294524213
